Year,Date,Flights
2025 Number of flights,2024-12-31,156956
2025 Number of flights,2025-01-01,205823
2025 Number of flights,2025-01-02,213193
2025 Number of flights,2025-01-03,198500
2025 Number of flights,2025-01-04,186594
2025 Number of flights,2025-01-05,186909
2025 Number of flights,2025-01-06,199011
2025 Number of flights,2025-01-07,207009
2025 Number of flights,2025-01-08,203780
2025 Number of flights,2025-01-09,201176
2025 Number of flights,2025-01-10,181316
2025 Number of flights,2025-01-11,197180
2025 Number of flights,2025-01-12,213771
2025 Number of flights,2025-01-13,218645
2025 Number of flights,2025-01-14,222495
2025 Number of flights,2025-01-15,231908
2025 Number of flights,2025-01-16,235646
2024 Number of flights,2024-12-31,150154
2024 Number of flights,2025-01-01,185675
2024 Number of flights,2025-01-02,191593
2024 Number of flights,2025-01-03,194080
2024 Number of flights,2025-01-04,202046
2024 Number of flights,2025-01-05,165110
2024 Number of flights,2025-01-06,165679
2024 Number of flights,2025-01-07,181432
2024 Number of flights,2025-01-08,167511
2024 Number of flights,2025-01-09,188073
2024 Number of flights,2025-01-10,197694
2024 Number of flights,2025-01-11,179370
2024 Number of flights,2025-01-12,159484
2024 Number of flights,2025-01-13,156267
2024 Number of flights,2025-01-14,173271
2024 Number of flights,2025-01-15,157575
2024 Number of flights,2025-01-16,171540
2024 Number of flights,2025-01-17,190812
2024 Number of flights,2025-01-18,187129
2024 Number of flights,2025-01-19,174793
2024 Number of flights,2025-01-20,163249
2024 Number of flights,2025-01-21,175287
2024 Number of flights,2025-01-22,172780
2024 Number of flights,2025-01-23,167167
2024 Number of flights,2025-01-24,178157
2024 Number of flights,2025-01-25,185207
2024 Number of flights,2025-01-26,169139
2024 Number of flights,2025-01-27,170063
2024 Number of flights,2025-01-28,196299
2024 Number of flights,2025-01-29,204495
2024 Number of flights,2025-01-30,203389
2024 Number of flights,2025-01-31,210181
2024 Number of flights,2025-02-01,196919
2024 Number of flights,2025-02-02,180398
2024 Number of flights,2025-02-03,171307
2024 Number of flights,2025-02-04,185884
2024 Number of flights,2025-02-05,194581
2024 Number of flights,2025-02-06,204484
2024 Number of flights,2025-02-07,207007
2024 Number of flights,2025-02-08,204154
2024 Number of flights,2025-02-09,178869
2024 Number of flights,2025-02-10,168624
2024 Number of flights,2025-02-11,194555
2024 Number of flights,2025-02-12,207397
2024 Number of flights,2025-02-13,217948
2024 Number of flights,2025-02-14,218193
2024 Number of flights,2025-02-15,218183
2024 Number of flights,2025-02-16,179704
2024 Number of flights,2025-02-17,183025
2024 Number of flights,2025-02-18,208819
2024 Number of flights,2025-02-19,217866
2024 Number of flights,2025-02-20,216790
2024 Number of flights,2025-02-21,213890
2024 Number of flights,2025-02-22,213193
2024 Number of flights,2025-02-23,197692
2024 Number of flights,2025-02-24,201811
2024 Number of flights,2025-02-25,208322
2024 Number of flights,2025-02-26,194897
2024 Number of flights,2025-02-27,193365
2024 Number of flights,2025-02-28,213889
2024 Number of flights,2025-02-28,207539
2024 Number of flights,2025-03-01,173351
2024 Number of flights,2025-03-02,178243
2024 Number of flights,2025-03-03,199404
2024 Number of flights,2025-03-04,200643
2024 Number of flights,2025-03-05,201875
2024 Number of flights,2025-03-06,214515
2024 Number of flights,2025-03-07,219690
2024 Number of flights,2025-03-08,183785
2024 Number of flights,2025-03-09,190810
2024 Number of flights,2025-03-10,210555
2024 Number of flights,2025-03-11,217391
2024 Number of flights,2025-03-12,227961
2024 Number of flights,2025-03-13,219935
2024 Number of flights,2025-03-14,209363
2024 Number of flights,2025-03-15,199069
2024 Number of flights,2025-03-16,190011
2024 Number of flights,2025-03-17,208860
2024 Number of flights,2025-03-18,218507
2024 Number of flights,2025-03-19,228805
2024 Number of flights,2025-03-20,231717
2024 Number of flights,2025-03-21,216217
2024 Number of flights,2025-03-22,181045
2024 Number of flights,2025-03-23,182223
2024 Number of flights,2025-03-24,200032
2024 Number of flights,2025-03-25,203711
2024 Number of flights,2025-03-26,216272
2024 Number of flights,2025-03-27,220634
2024 Number of flights,2025-03-28,218113
2024 Number of flights,2025-03-29,194073
2024 Number of flights,2025-03-30,178824
2024 Number of flights,2025-03-31,201069
2024 Number of flights,2025-04-01,207688
2024 Number of flights,2025-04-02,201597
2024 Number of flights,2025-04-03,216585
2024 Number of flights,2025-04-04,226230
2024 Number of flights,2025-04-05,209383
2024 Number of flights,2025-04-06,210084
2024 Number of flights,2025-04-07,232024
2024 Number of flights,2025-04-08,221629
2024 Number of flights,2025-04-09,220920
2024 Number of flights,2025-04-10,213638
2024 Number of flights,2025-04-11,229771
2024 Number of flights,2025-04-12,213519
2024 Number of flights,2025-04-13,213900
2024 Number of flights,2025-04-14,229660
2024 Number of flights,2025-04-15,230038
2024 Number of flights,2025-04-16,229696
2024 Number of flights,2025-04-17,236917
2024 Number of flights,2025-04-18,229662
2024 Number of flights,2025-04-19,201788
2024 Number of flights,2025-04-20,208426
2024 Number of flights,2025-04-21,231846
2024 Number of flights,2025-04-22,235723
2024 Number of flights,2025-04-23,242260
2024 Number of flights,2025-04-24,242012
2024 Number of flights,2025-04-25,233384
2024 Number of flights,2025-04-26,199181
2024 Number of flights,2025-04-27,200396
2024 Number of flights,2025-04-28,237756
2024 Number of flights,2025-04-29,251230
2024 Number of flights,2025-04-30,256505
2024 Number of flights,2025-05-01,254244
2024 Number of flights,2025-05-02,251385
2024 Number of flights,2025-05-03,216985
2024 Number of flights,2025-05-04,206795
2024 Number of flights,2025-05-05,224116
2024 Number of flights,2025-05-06,246130
2024 Number of flights,2025-05-07,254087
2024 Number of flights,2025-05-08,256370
2024 Number of flights,2025-05-09,262922
2024 Number of flights,2025-05-10,250939
2024 Number of flights,2025-05-11,222356
2024 Number of flights,2025-05-12,240646
2024 Number of flights,2025-05-13,233266
2024 Number of flights,2025-05-14,231771
2024 Number of flights,2025-05-15,240009
2024 Number of flights,2025-05-16,240025
2024 Number of flights,2025-05-17,212354
2024 Number of flights,2025-05-18,212792
2024 Number of flights,2025-05-19,237755
2024 Number of flights,2025-05-20,236485
2024 Number of flights,2025-05-21,239783
2024 Number of flights,2025-05-22,247030
2024 Number of flights,2025-05-23,242718
2024 Number of flights,2025-05-24,216915
2024 Number of flights,2025-05-25,201409
2024 Number of flights,2025-05-26,211960
2024 Number of flights,2025-05-27,229531
2024 Number of flights,2025-05-28,248599
2024 Number of flights,2025-05-29,249058
2024 Number of flights,2025-05-30,249869
2024 Number of flights,2025-05-31,219080
2024 Number of flights,2025-06-01,207710
2024 Number of flights,2025-06-02,226649
2024 Number of flights,2025-06-03,238530
2024 Number of flights,2025-06-04,241500
2024 Number of flights,2025-06-05,250585
2024 Number of flights,2025-06-06,262488
2024 Number of flights,2025-06-07,233220
2024 Number of flights,2025-06-08,213958
2024 Number of flights,2025-06-09,240190
2024 Number of flights,2025-06-10,247304
2024 Number of flights,2025-06-11,259647
2024 Number of flights,2025-06-12,261889
2024 Number of flights,2025-06-13,260799
2024 Number of flights,2025-06-14,229850
2024 Number of flights,2025-06-15,218856
2024 Number of flights,2025-06-16,235764
2024 Number of flights,2025-06-17,244061
2024 Number of flights,2025-06-18,250884
2024 Number of flights,2025-06-19,257858
2024 Number of flights,2025-06-20,258660
2024 Number of flights,2025-06-21,233460
2024 Number of flights,2025-06-22,222855
2024 Number of flights,2025-06-23,252344
2024 Number of flights,2025-06-24,263463
2024 Number of flights,2025-06-25,261317
2024 Number of flights,2025-06-26,265597
2024 Number of flights,2025-06-27,266234
2024 Number of flights,2025-06-28,230715
2024 Number of flights,2025-06-29,213652
2024 Number of flights,2025-06-30,242383
2024 Number of flights,2025-07-01,258780
2024 Number of flights,2025-07-02,260998
2024 Number of flights,2025-07-03,225522
2024 Number of flights,2025-07-04,229566
2024 Number of flights,2025-07-05,225260
2024 Number of flights,2025-07-06,229390
2024 Number of flights,2025-07-07,247438
2024 Number of flights,2025-07-08,251891
2024 Number of flights,2025-07-09,254153
2024 Number of flights,2025-07-10,269516
2024 Number of flights,2025-07-11,261133
2024 Number of flights,2025-07-12,239241
2024 Number of flights,2025-07-13,235619
2024 Number of flights,2025-07-14,252129
2024 Number of flights,2025-07-15,254341
2024 Number of flights,2025-07-16,263723
2024 Number of flights,2025-07-17,275027
2024 Number of flights,2025-07-18,275690
2024 Number of flights,2025-07-19,244254
2024 Number of flights,2025-07-20,228026
2024 Number of flights,2025-07-21,240137
2024 Number of flights,2025-07-22,248979
2024 Number of flights,2025-07-23,252452
2024 Number of flights,2025-07-24,257784
2024 Number of flights,2025-07-25,261263
2024 Number of flights,2025-07-26,236549
2024 Number of flights,2025-07-27,229498
2024 Number of flights,2025-07-28,237249
2024 Number of flights,2025-07-29,249383
2024 Number of flights,2025-07-30,258144
2024 Number of flights,2025-07-31,262260
2024 Number of flights,2025-08-01,255315
2024 Number of flights,2025-08-02,230777
2024 Number of flights,2025-08-03,218458
2024 Number of flights,2025-08-04,237504
2024 Number of flights,2025-08-05,240363
2024 Number of flights,2025-08-06,248724
2024 Number of flights,2025-08-07,249727
2024 Number of flights,2025-08-08,247072
2024 Number of flights,2025-08-09,239273
2024 Number of flights,2025-08-10,232945
2024 Number of flights,2025-08-11,248297
2024 Number of flights,2025-08-12,256836
2024 Number of flights,2025-08-13,260253
2024 Number of flights,2025-08-14,257868
2024 Number of flights,2025-08-15,255192
2024 Number of flights,2025-08-16,224831
2024 Number of flights,2025-08-17,210018
2024 Number of flights,2025-08-18,236250
2024 Number of flights,2025-08-19,251797
2024 Number of flights,2025-08-20,257613
2024 Number of flights,2025-08-21,257969
2024 Number of flights,2025-08-22,258892
2024 Number of flights,2025-08-23,232873
2024 Number of flights,2025-08-24,227185
2024 Number of flights,2025-08-25,242412
2024 Number of flights,2025-08-26,247193
2024 Number of flights,2025-08-27,249730
2024 Number of flights,2025-08-28,251705
2024 Number of flights,2025-08-29,248568
2024 Number of flights,2025-08-30,218592
2024 Number of flights,2025-08-31,201584
2024 Number of flights,2025-09-01,220431
2024 Number of flights,2025-09-02,235602
2024 Number of flights,2025-09-03,244002
2024 Number of flights,2025-09-04,245408
2024 Number of flights,2025-09-05,239092
2024 Number of flights,2025-09-06,217935
2024 Number of flights,2025-09-07,218421
2024 Number of flights,2025-09-08,231055
2024 Number of flights,2025-09-09,243539
2024 Number of flights,2025-09-10,239468
2024 Number of flights,2025-09-11,241606
2024 Number of flights,2025-09-12,247215
2024 Number of flights,2025-09-13,222301
2024 Number of flights,2025-09-14,213088
2024 Number of flights,2025-09-15,226815
2024 Number of flights,2025-09-16,239596
2024 Number of flights,2025-09-17,246196
2024 Number of flights,2025-09-18,253966
2024 Number of flights,2025-09-19,259942
2024 Number of flights,2025-09-20,230181
2024 Number of flights,2025-09-21,217576
2024 Number of flights,2025-09-22,224536
2024 Number of flights,2025-09-23,220276
2024 Number of flights,2025-09-24,225604
2024 Number of flights,2025-09-25,224020
2024 Number of flights,2025-09-26,225356
2024 Number of flights,2025-09-27,215589
2024 Number of flights,2025-09-28,215150
2024 Number of flights,2025-09-29,232763
2024 Number of flights,2025-09-30,232356
2024 Number of flights,2025-10-01,241947
2024 Number of flights,2025-10-02,257435
2024 Number of flights,2025-10-03,252638
2024 Number of flights,2025-10-04,224589
2024 Number of flights,2025-10-05,211668
2024 Number of flights,2025-10-06,230702
2024 Number of flights,2025-10-07,237446
2024 Number of flights,2025-10-08,236044
2024 Number of flights,2025-10-09,239304
2024 Number of flights,2025-10-10,253818
2024 Number of flights,2025-10-11,223000
2024 Number of flights,2025-10-12,208316
2024 Number of flights,2025-10-13,220549
2024 Number of flights,2025-10-14,234971
2024 Number of flights,2025-10-15,234008
2024 Number of flights,2025-10-16,245682
2024 Number of flights,2025-10-17,241225
2024 Number of flights,2025-10-18,223561
2024 Number of flights,2025-10-19,219793
2024 Number of flights,2025-10-20,237768
2024 Number of flights,2025-10-21,244999
2024 Number of flights,2025-10-22,247550
2024 Number of flights,2025-10-23,253225
2024 Number of flights,2025-10-24,253607
2024 Number of flights,2025-10-25,219935
2024 Number of flights,2025-10-26,214285
2024 Number of flights,2025-10-27,221751
2024 Number of flights,2025-10-28,216633
2024 Number of flights,2025-10-29,219315
2024 Number of flights,2025-10-30,217388
2024 Number of flights,2025-10-31,220427
2024 Number of flights,2025-11-01,201643
2024 Number of flights,2025-11-02,193958
2024 Number of flights,2025-11-03,202969
2024 Number of flights,2025-11-04,201670
2024 Number of flights,2025-11-05,206655
2024 Number of flights,2025-11-06,222463
2024 Number of flights,2025-11-07,229602
2024 Number of flights,2025-11-08,204933
2024 Number of flights,2025-11-09,190243
2024 Number of flights,2025-11-10,210374
2024 Number of flights,2025-11-11,215579
2024 Number of flights,2025-11-12,213457
2024 Number of flights,2025-11-13,208712
2024 Number of flights,2025-11-14,230463
2024 Number of flights,2025-11-15,197296
2024 Number of flights,2025-11-16,181637
2024 Number of flights,2025-11-17,205271
2024 Number of flights,2025-11-18,206523
2024 Number of flights,2025-11-19,200466
2024 Number of flights,2025-11-20,206835
2024 Number of flights,2025-11-21,212934
2024 Number of flights,2025-11-22,191344
2024 Number of flights,2025-11-23,187630
2024 Number of flights,2025-11-24,207550
2024 Number of flights,2025-11-25,212668
2024 Number of flights,2025-11-26,210939
2024 Number of flights,2025-11-27,159559
2024 Number of flights,2025-11-28,181415
2024 Number of flights,2025-11-29,188502
2024 Number of flights,2025-11-30,196219
2024 Number of flights,2025-12-01,207980
2024 Number of flights,2025-12-02,213907
2024 Number of flights,2025-12-03,206630
2024 Number of flights,2025-12-04,205134
2024 Number of flights,2025-12-05,219519
2024 Number of flights,2025-12-06,189804
2024 Number of flights,2025-12-07,179141
2024 Number of flights,2025-12-08,193662
2024 Number of flights,2025-12-09,194143
2024 Number of flights,2025-12-10,198485
2024 Number of flights,2025-12-11,216425
2024 Number of flights,2025-12-12,220154
2024 Number of flights,2025-12-13,185905
2024 Number of flights,2025-12-14,172416
2024 Number of flights,2025-12-15,188394
2024 Number of flights,2025-12-16,209361
2024 Number of flights,2025-12-17,206512
2024 Number of flights,2025-12-18,219650
2024 Number of flights,2025-12-19,216174
2024 Number of flights,2025-12-20,199622
2024 Number of flights,2025-12-21,190561
2024 Number of flights,2025-12-22,199625
2024 Number of flights,2025-12-23,158196
2024 Number of flights,2025-12-24,128990
2024 Number of flights,2025-12-25,180263
2024 Number of flights,2025-12-26,199417
2024 Number of flights,2025-12-27,181443
2024 Number of flights,2025-12-28,173811
2024 Number of flights,2025-12-29,196310
2024 Number of flights,2025-12-30,178706
2023 Number of flights,2024-12-31,126190
2023 Number of flights,2025-01-01,164382
2023 Number of flights,2025-01-02,160768
2023 Number of flights,2025-01-03,167013
2023 Number of flights,2025-01-04,178252
2023 Number of flights,2025-01-05,185984
2023 Number of flights,2025-01-06,174485
2023 Number of flights,2025-01-07,166876
2023 Number of flights,2025-01-08,177321
2023 Number of flights,2025-01-09,182783
2023 Number of flights,2025-01-10,183608
2023 Number of flights,2025-01-11,178489
2023 Number of flights,2025-01-12,180786
2023 Number of flights,2025-01-13,164183
2023 Number of flights,2025-01-14,159014
2023 Number of flights,2025-01-15,173872
2023 Number of flights,2025-01-16,179306
2023 Number of flights,2025-01-17,180057
2023 Number of flights,2025-01-18,183818
2023 Number of flights,2025-01-19,194136
2023 Number of flights,2025-01-20,166980
2023 Number of flights,2025-01-21,148610
2023 Number of flights,2025-01-22,168445
2023 Number of flights,2025-01-23,182447
2023 Number of flights,2025-01-24,170689
2023 Number of flights,2025-01-25,186970
2023 Number of flights,2025-01-26,201160
2023 Number of flights,2025-01-27,179118
2023 Number of flights,2025-01-28,157176
2023 Number of flights,2025-01-29,168541
2023 Number of flights,2025-01-30,170595
2023 Number of flights,2025-01-31,184065
2023 Number of flights,2025-02-01,190140
2023 Number of flights,2025-02-02,191963
2023 Number of flights,2025-02-03,177968
2023 Number of flights,2025-02-04,170933
2023 Number of flights,2025-02-05,191217
2023 Number of flights,2025-02-06,197518
2023 Number of flights,2025-02-07,209088
2023 Number of flights,2025-02-08,208202
2023 Number of flights,2025-02-09,204727
2023 Number of flights,2025-02-10,186006
2023 Number of flights,2025-02-11,175649
2023 Number of flights,2025-02-12,196421
2023 Number of flights,2025-02-13,188948
2023 Number of flights,2025-02-14,194146
2023 Number of flights,2025-02-15,196327
2023 Number of flights,2025-02-16,196578
2023 Number of flights,2025-02-17,194112
2023 Number of flights,2025-02-18,180886
2023 Number of flights,2025-02-19,194376
2023 Number of flights,2025-02-20,190972
2023 Number of flights,2025-02-21,177784
2023 Number of flights,2025-02-22,185172
2023 Number of flights,2025-02-23,193583
2023 Number of flights,2025-02-24,173186
2023 Number of flights,2025-02-25,172617
2023 Number of flights,2025-02-26,182452
2023 Number of flights,2025-02-27,195531
2023 Number of flights,2025-02-28,201659
2023 Number of flights,2025-03-01,198061
2023 Number of flights,2025-03-02,196472
2023 Number of flights,2025-03-03,184544
2023 Number of flights,2025-03-04,185425
2023 Number of flights,2025-03-05,196192
2023 Number of flights,2025-03-06,194103
2023 Number of flights,2025-03-07,189545
2023 Number of flights,2025-03-08,202031
2023 Number of flights,2025-03-09,192345
2023 Number of flights,2025-03-10,175435
2023 Number of flights,2025-03-11,172523
2023 Number of flights,2025-03-12,180988
2023 Number of flights,2025-03-13,193967
2023 Number of flights,2025-03-14,207409
2023 Number of flights,2025-03-15,214245
2023 Number of flights,2025-03-16,205306
2023 Number of flights,2025-03-17,188976
2023 Number of flights,2025-03-18,185036
2023 Number of flights,2025-03-19,199795
2023 Number of flights,2025-03-20,200877
2023 Number of flights,2025-03-21,198384
2023 Number of flights,2025-03-22,197466
2023 Number of flights,2025-03-23,202664
2023 Number of flights,2025-03-24,174267
2023 Number of flights,2025-03-25,186395
2023 Number of flights,2025-03-26,201275
2023 Number of flights,2025-03-27,208323
2023 Number of flights,2025-03-28,199935
2023 Number of flights,2025-03-29,215747
2023 Number of flights,2025-03-30,193572
2023 Number of flights,2025-03-31,170384
2023 Number of flights,2025-04-01,184254
2023 Number of flights,2025-04-02,197218
2023 Number of flights,2025-04-03,205384
2023 Number of flights,2025-04-04,207819
2023 Number of flights,2025-04-05,217749
2023 Number of flights,2025-04-06,209442
2023 Number of flights,2025-04-07,194722
2023 Number of flights,2025-04-08,178586
2023 Number of flights,2025-04-09,213029
2023 Number of flights,2025-04-10,213170
2023 Number of flights,2025-04-11,212656
2023 Number of flights,2025-04-12,221263
2023 Number of flights,2025-04-13,226362
2023 Number of flights,2025-04-14,199503
2023 Number of flights,2025-04-15,185872
2023 Number of flights,2025-04-16,203561
2023 Number of flights,2025-04-17,221218
2023 Number of flights,2025-04-18,218655
2023 Number of flights,2025-04-19,229496
2023 Number of flights,2025-04-20,229003
2023 Number of flights,2025-04-21,200746
2023 Number of flights,2025-04-22,195828
2023 Number of flights,2025-04-23,211152
2023 Number of flights,2025-04-24,220709
2023 Number of flights,2025-04-25,222644
2023 Number of flights,2025-04-26,229764
2023 Number of flights,2025-04-27,222184
2023 Number of flights,2025-04-28,199083
2023 Number of flights,2025-04-29,189090
2023 Number of flights,2025-04-30,201335
2023 Number of flights,2025-05-01,211457
2023 Number of flights,2025-05-02,234337
2023 Number of flights,2025-05-03,239593
2023 Number of flights,2025-05-04,229606
2023 Number of flights,2025-05-05,205607
2023 Number of flights,2025-05-06,200237
2023 Number of flights,2025-05-07,210533
2023 Number of flights,2025-05-08,220204
2023 Number of flights,2025-05-09,228799
2023 Number of flights,2025-05-10,233676
2023 Number of flights,2025-05-11,229366
2023 Number of flights,2025-05-12,205922
2023 Number of flights,2025-05-13,191950
2023 Number of flights,2025-05-14,217692
2023 Number of flights,2025-05-15,224436
2023 Number of flights,2025-05-16,237290
2023 Number of flights,2025-05-17,251829
2023 Number of flights,2025-05-18,230560
2023 Number of flights,2025-05-19,209090
2023 Number of flights,2025-05-20,219257
2023 Number of flights,2025-05-21,228114
2023 Number of flights,2025-05-22,230226
2023 Number of flights,2025-05-23,236265
2023 Number of flights,2025-05-24,253218
2023 Number of flights,2025-05-25,254666
2023 Number of flights,2025-05-26,227838
2023 Number of flights,2025-05-27,209036
2023 Number of flights,2025-05-28,220721
2023 Number of flights,2025-05-29,230432
2023 Number of flights,2025-05-30,236333
2023 Number of flights,2025-05-31,243473
2023 Number of flights,2025-06-01,244821
2023 Number of flights,2025-06-02,226263
2023 Number of flights,2025-06-03,214790
2023 Number of flights,2025-06-04,224935
2023 Number of flights,2025-06-05,232391
2023 Number of flights,2025-06-06,237403
2023 Number of flights,2025-06-07,242257
2023 Number of flights,2025-06-08,245580
2023 Number of flights,2025-06-09,226491
2023 Number of flights,2025-06-10,212654
2023 Number of flights,2025-06-11,219009
2023 Number of flights,2025-06-12,234091
2023 Number of flights,2025-06-13,237768
2023 Number of flights,2025-06-14,250073
2023 Number of flights,2025-06-15,243921
2023 Number of flights,2025-06-16,229873
2023 Number of flights,2025-06-17,211577
2023 Number of flights,2025-06-18,222752
2023 Number of flights,2025-06-19,229700
2023 Number of flights,2025-06-20,238426
2023 Number of flights,2025-06-21,239513
2023 Number of flights,2025-06-22,237379
2023 Number of flights,2025-06-23,228903
2023 Number of flights,2025-06-24,220502
2023 Number of flights,2025-06-25,225873
2023 Number of flights,2025-06-26,234084
2023 Number of flights,2025-06-27,238655
2023 Number of flights,2025-06-28,246575
2023 Number of flights,2025-06-29,246952
2023 Number of flights,2025-06-30,217252
2023 Number of flights,2025-07-01,200933
2023 Number of flights,2025-07-02,215096
2023 Number of flights,2025-07-03,204352
2023 Number of flights,2025-07-04,232361
2023 Number of flights,2025-07-05,250831
2023 Number of flights,2025-07-06,253474
2023 Number of flights,2025-07-07,230056
2023 Number of flights,2025-07-08,217415
2023 Number of flights,2025-07-09,232989
2023 Number of flights,2025-07-10,252629
2023 Number of flights,2025-07-11,251354
2023 Number of flights,2025-07-12,252487
2023 Number of flights,2025-07-13,249309
2023 Number of flights,2025-07-14,219882
2023 Number of flights,2025-07-15,210721
2023 Number of flights,2025-07-16,237785
2023 Number of flights,2025-07-17,247257
2023 Number of flights,2025-07-18,253328
2023 Number of flights,2025-07-19,262103
2023 Number of flights,2025-07-20,255635
2023 Number of flights,2025-07-21,239056
2023 Number of flights,2025-07-22,224934
2023 Number of flights,2025-07-23,232308
2023 Number of flights,2025-07-24,241778
2023 Number of flights,2025-07-25,249243
2023 Number of flights,2025-07-26,249406
2023 Number of flights,2025-07-27,250635
2023 Number of flights,2025-07-28,222108
2023 Number of flights,2025-07-29,225336
2023 Number of flights,2025-07-30,237272
2023 Number of flights,2025-07-31,252064
2023 Number of flights,2025-08-01,247823
2023 Number of flights,2025-08-02,245333
2023 Number of flights,2025-08-03,242322
2023 Number of flights,2025-08-04,224340
2023 Number of flights,2025-08-05,211804
2023 Number of flights,2025-08-06,222293
2023 Number of flights,2025-08-07,236626
2023 Number of flights,2025-08-08,252733
2023 Number of flights,2025-08-09,248745
2023 Number of flights,2025-08-10,259493
2023 Number of flights,2025-08-11,226831
2023 Number of flights,2025-08-12,224503
2023 Number of flights,2025-08-13,229162
2023 Number of flights,2025-08-14,236729
2023 Number of flights,2025-08-15,251654
2023 Number of flights,2025-08-16,245786
2023 Number of flights,2025-08-17,247941
2023 Number of flights,2025-08-18,234784
2023 Number of flights,2025-08-19,226606
2023 Number of flights,2025-08-20,231555
2023 Number of flights,2025-08-21,245039
2023 Number of flights,2025-08-22,253202
2023 Number of flights,2025-08-23,246257
2023 Number of flights,2025-08-24,238727
2023 Number of flights,2025-08-25,221217
2023 Number of flights,2025-08-26,215368
2023 Number of flights,2025-08-27,224182
2023 Number of flights,2025-08-28,227429
2023 Number of flights,2025-08-29,229707
2023 Number of flights,2025-08-30,246357
2023 Number of flights,2025-08-31,244071
2023 Number of flights,2025-09-01,224646
2023 Number of flights,2025-09-02,212041
2023 Number of flights,2025-09-03,223262
2023 Number of flights,2025-09-04,233542
2023 Number of flights,2025-09-05,243010
2023 Number of flights,2025-09-06,245054
2023 Number of flights,2025-09-07,244325
2023 Number of flights,2025-09-08,229073
2023 Number of flights,2025-09-09,218643
2023 Number of flights,2025-09-10,222522
2023 Number of flights,2025-09-11,227710
2023 Number of flights,2025-09-12,233978
2023 Number of flights,2025-09-13,244566
2023 Number of flights,2025-09-14,246665
2023 Number of flights,2025-09-15,219709
2023 Number of flights,2025-09-16,214222
2023 Number of flights,2025-09-17,222740
2023 Number of flights,2025-09-18,233245
2023 Number of flights,2025-09-19,242959
2023 Number of flights,2025-09-20,245263
2023 Number of flights,2025-09-21,240761
2023 Number of flights,2025-09-22,213313
2023 Number of flights,2025-09-23,211166
2023 Number of flights,2025-09-24,221473
2023 Number of flights,2025-09-25,228733
2023 Number of flights,2025-09-26,233594
2023 Number of flights,2025-09-27,236968
2023 Number of flights,2025-09-28,237110
2023 Number of flights,2025-09-29,216422
2023 Number of flights,2025-09-30,215011
2023 Number of flights,2025-10-01,225202
2023 Number of flights,2025-10-02,230527
2023 Number of flights,2025-10-03,235664
2023 Number of flights,2025-10-04,236481
2023 Number of flights,2025-10-05,235280
2023 Number of flights,2025-10-06,212993
2023 Number of flights,2025-10-07,210904
2023 Number of flights,2025-10-08,221650
2023 Number of flights,2025-10-09,232340
2023 Number of flights,2025-10-10,229403
2023 Number of flights,2025-10-11,221605
2023 Number of flights,2025-10-12,225114
2023 Number of flights,2025-10-13,193585
2023 Number of flights,2025-10-14,201883
2023 Number of flights,2025-10-15,219334
2023 Number of flights,2025-10-16,234437
2023 Number of flights,2025-10-17,238441
2023 Number of flights,2025-10-18,234864
2023 Number of flights,2025-10-19,219956
2023 Number of flights,2025-10-20,199355
2023 Number of flights,2025-10-21,204845
2023 Number of flights,2025-10-22,223690
2023 Number of flights,2025-10-23,220170
2023 Number of flights,2025-10-24,216988
2023 Number of flights,2025-10-25,222145
2023 Number of flights,2025-10-26,226920
2023 Number of flights,2025-10-27,201501
2023 Number of flights,2025-10-28,184594
2023 Number of flights,2025-10-29,202246
2023 Number of flights,2025-10-30,208365
2023 Number of flights,2025-10-31,214713
2023 Number of flights,2025-11-01,223485
2023 Number of flights,2025-11-02,226224
2023 Number of flights,2025-11-03,202018
2023 Number of flights,2025-11-04,197390
2023 Number of flights,2025-11-05,208204
2023 Number of flights,2025-11-06,217510
2023 Number of flights,2025-11-07,221916
2023 Number of flights,2025-11-08,217533
2023 Number of flights,2025-11-09,218253
2023 Number of flights,2025-11-10,196410
2023 Number of flights,2025-11-11,191868
2023 Number of flights,2025-11-12,205920
2023 Number of flights,2025-11-13,210792
2023 Number of flights,2025-11-14,217786
2023 Number of flights,2025-11-15,213000
2023 Number of flights,2025-11-16,219611
2023 Number of flights,2025-11-17,195125
2023 Number of flights,2025-11-18,193969
2023 Number of flights,2025-11-19,203783
2023 Number of flights,2025-11-20,197999
2023 Number of flights,2025-11-21,209601
2023 Number of flights,2025-11-22,169740
2023 Number of flights,2025-11-23,187101
2023 Number of flights,2025-11-24,194310
2023 Number of flights,2025-11-25,183811
2023 Number of flights,2025-11-26,203390
2023 Number of flights,2025-11-27,204322
2023 Number of flights,2025-11-28,216334
2023 Number of flights,2025-11-29,208789
2023 Number of flights,2025-11-30,196395
2023 Number of flights,2025-12-01,164128
2023 Number of flights,2025-12-02,166554
2023 Number of flights,2025-12-03,194897
2023 Number of flights,2025-12-04,203111
2023 Number of flights,2025-12-05,206240
2023 Number of flights,2025-12-06,213078
2023 Number of flights,2025-12-07,210067
2023 Number of flights,2025-12-08,171760
2023 Number of flights,2025-12-09,163806
2023 Number of flights,2025-12-10,196281
2023 Number of flights,2025-12-11,206801
2023 Number of flights,2025-12-12,207437
2023 Number of flights,2025-12-13,210542
2023 Number of flights,2025-12-14,212692
2023 Number of flights,2025-12-15,183951
2023 Number of flights,2025-12-16,168297
2023 Number of flights,2025-12-17,187037
2023 Number of flights,2025-12-18,202177
2023 Number of flights,2025-12-19,209842
2023 Number of flights,2025-12-20,203641
2023 Number of flights,2025-12-21,197497
2023 Number of flights,2025-12-22,172674
2023 Number of flights,2025-12-23,137800
2023 Number of flights,2025-12-24,120886
2023 Number of flights,2025-12-25,165015
2023 Number of flights,2025-12-26,190110
2023 Number of flights,2025-12-27,187696
2023 Number of flights,2025-12-28,190933
2023 Number of flights,2025-12-29,175353
2023 Number of flights,2025-12-30,151460
2022 Number of flights,2024-12-31,112178
2022 Number of flights,2025-01-01,143753
2022 Number of flights,2025-01-02,161499
2022 Number of flights,2025-01-03,168913
2022 Number of flights,2025-01-04,164358
2022 Number of flights,2025-01-05,168443
2022 Number of flights,2025-01-06,167800
2022 Number of flights,2025-01-07,156230
2022 Number of flights,2025-01-08,148810
2022 Number of flights,2025-01-09,163573
2022 Number of flights,2025-01-10,170750
2022 Number of flights,2025-01-11,181070
2022 Number of flights,2025-01-12,185403
2022 Number of flights,2025-01-13,180672
2022 Number of flights,2025-01-14,152297
2022 Number of flights,2025-01-15,144571
2022 Number of flights,2025-01-16,155855
2022 Number of flights,2025-01-17,166452
2022 Number of flights,2025-01-18,169845
2022 Number of flights,2025-01-19,169055
2022 Number of flights,2025-01-20,178918
2022 Number of flights,2025-01-21,156639
2022 Number of flights,2025-01-22,158033
2022 Number of flights,2025-01-23,168443
2022 Number of flights,2025-01-24,165606
2022 Number of flights,2025-01-25,175538
2022 Number of flights,2025-01-26,184883
2022 Number of flights,2025-01-27,180749
2022 Number of flights,2025-01-28,153674
2022 Number of flights,2025-01-29,164940
2022 Number of flights,2025-01-30,168218
2022 Number of flights,2025-01-31,163738
2022 Number of flights,2025-02-01,152315
2022 Number of flights,2025-02-02,149649
2022 Number of flights,2025-02-03,155219
2022 Number of flights,2025-02-04,159841
2022 Number of flights,2025-02-05,160883
2022 Number of flights,2025-02-06,170108
2022 Number of flights,2025-02-07,182198
2022 Number of flights,2025-02-08,194573
2022 Number of flights,2025-02-09,197247
2022 Number of flights,2025-02-10,199407
2022 Number of flights,2025-02-11,182400
2022 Number of flights,2025-02-12,162754
2022 Number of flights,2025-02-13,179105
2022 Number of flights,2025-02-14,184160
2022 Number of flights,2025-02-15,176757
2022 Number of flights,2025-02-16,173543
2022 Number of flights,2025-02-17,189274
2022 Number of flights,2025-02-18,175553
2022 Number of flights,2025-02-19,168820
2022 Number of flights,2025-02-20,173769
2022 Number of flights,2025-02-21,162481
2022 Number of flights,2025-02-22,177769
2022 Number of flights,2025-02-23,181724
2022 Number of flights,2025-02-24,193204
2022 Number of flights,2025-02-25,189551
2022 Number of flights,2025-02-26,179704
2022 Number of flights,2025-02-27,193583
2022 Number of flights,2025-02-28,197682
2022 Number of flights,2025-03-01,207114
2022 Number of flights,2025-03-02,206361
2022 Number of flights,2025-03-03,207161
2022 Number of flights,2025-03-04,175498
2022 Number of flights,2025-03-05,168814
2022 Number of flights,2025-03-06,174120
2022 Number of flights,2025-03-07,186695
2022 Number of flights,2025-03-08,188038
2022 Number of flights,2025-03-09,202522
2022 Number of flights,2025-03-10,190105
2022 Number of flights,2025-03-11,166494
2022 Number of flights,2025-03-12,178259
2022 Number of flights,2025-03-13,191816
2022 Number of flights,2025-03-14,192352
2022 Number of flights,2025-03-15,194452
2022 Number of flights,2025-03-16,199396
2022 Number of flights,2025-03-17,200003
2022 Number of flights,2025-03-18,176739
2022 Number of flights,2025-03-19,183049
2022 Number of flights,2025-03-20,186457
2022 Number of flights,2025-03-21,185992
2022 Number of flights,2025-03-22,189258
2022 Number of flights,2025-03-23,196262
2022 Number of flights,2025-03-24,209212
2022 Number of flights,2025-03-25,185669
2022 Number of flights,2025-03-26,185247
2022 Number of flights,2025-03-27,188961
2022 Number of flights,2025-03-28,195075
2022 Number of flights,2025-03-29,191633
2022 Number of flights,2025-03-30,195010
2022 Number of flights,2025-03-31,195234
2022 Number of flights,2025-04-01,174728
2022 Number of flights,2025-04-02,170142
2022 Number of flights,2025-04-03,177283
2022 Number of flights,2025-04-04,171243
2022 Number of flights,2025-04-05,173987
2022 Number of flights,2025-04-06,177174
2022 Number of flights,2025-04-07,190645
2022 Number of flights,2025-04-08,172938
2022 Number of flights,2025-04-09,179021
2022 Number of flights,2025-04-10,184348
2022 Number of flights,2025-04-11,184009
2022 Number of flights,2025-04-12,188567
2022 Number of flights,2025-04-13,196601
2022 Number of flights,2025-04-14,195699
2022 Number of flights,2025-04-15,172765
2022 Number of flights,2025-04-16,165219
2022 Number of flights,2025-04-17,190721
2022 Number of flights,2025-04-18,190513
2022 Number of flights,2025-04-19,199567
2022 Number of flights,2025-04-20,198361
2022 Number of flights,2025-04-21,194597
2022 Number of flights,2025-04-22,181013
2022 Number of flights,2025-04-23,176815
2022 Number of flights,2025-04-24,186699
2022 Number of flights,2025-04-25,197760
2022 Number of flights,2025-04-26,210876
2022 Number of flights,2025-04-27,212071
2022 Number of flights,2025-04-28,212696
2022 Number of flights,2025-04-29,188305
2022 Number of flights,2025-04-30,178244
2022 Number of flights,2025-05-01,181974
2022 Number of flights,2025-05-02,189091
2022 Number of flights,2025-05-03,196875
2022 Number of flights,2025-05-04,209052
2022 Number of flights,2025-05-05,201343
2022 Number of flights,2025-05-06,179676
2022 Number of flights,2025-05-07,176925
2022 Number of flights,2025-05-08,192616
2022 Number of flights,2025-05-09,207578
2022 Number of flights,2025-05-10,214545
2022 Number of flights,2025-05-11,214639
2022 Number of flights,2025-05-12,209956
2022 Number of flights,2025-05-13,204344
2022 Number of flights,2025-05-14,197635
2022 Number of flights,2025-05-15,194771
2022 Number of flights,2025-05-16,212534
2022 Number of flights,2025-05-17,217282
2022 Number of flights,2025-05-18,210972
2022 Number of flights,2025-05-19,198279
2022 Number of flights,2025-05-20,186543
2022 Number of flights,2025-05-21,191264
2022 Number of flights,2025-05-22,195121
2022 Number of flights,2025-05-23,200686
2022 Number of flights,2025-05-24,202583
2022 Number of flights,2025-05-25,210527
2022 Number of flights,2025-05-26,205543
2022 Number of flights,2025-05-27,190868
2022 Number of flights,2025-05-28,181117
2022 Number of flights,2025-05-29,192033
2022 Number of flights,2025-05-30,204064
2022 Number of flights,2025-05-31,212656
2022 Number of flights,2025-06-01,217830
2022 Number of flights,2025-06-02,215508
2022 Number of flights,2025-06-03,196856
2022 Number of flights,2025-06-04,186419
2022 Number of flights,2025-06-05,202381
2022 Number of flights,2025-06-06,204856
2022 Number of flights,2025-06-07,207728
2022 Number of flights,2025-06-08,213387
2022 Number of flights,2025-06-09,225295
2022 Number of flights,2025-06-10,207754
2022 Number of flights,2025-06-11,194785
2022 Number of flights,2025-06-12,202815
2022 Number of flights,2025-06-13,216082
2022 Number of flights,2025-06-14,232483
2022 Number of flights,2025-06-15,227978
2022 Number of flights,2025-06-16,230234
2022 Number of flights,2025-06-17,202399
2022 Number of flights,2025-06-18,193447
2022 Number of flights,2025-06-19,218626
2022 Number of flights,2025-06-20,225914
2022 Number of flights,2025-06-21,223361
2022 Number of flights,2025-06-22,233198
2022 Number of flights,2025-06-23,227445
2022 Number of flights,2025-06-24,208889
2022 Number of flights,2025-06-25,198069
2022 Number of flights,2025-06-26,207309
2022 Number of flights,2025-06-27,225080
2022 Number of flights,2025-06-28,226438
2022 Number of flights,2025-06-29,229964
2022 Number of flights,2025-06-30,218675
2022 Number of flights,2025-07-01,204046
2022 Number of flights,2025-07-02,197526
2022 Number of flights,2025-07-03,193279
2022 Number of flights,2025-07-04,208591
2022 Number of flights,2025-07-05,220338
2022 Number of flights,2025-07-06,225904
2022 Number of flights,2025-07-07,227787
2022 Number of flights,2025-07-08,210684
2022 Number of flights,2025-07-09,208458
2022 Number of flights,2025-07-10,214965
2022 Number of flights,2025-07-11,222333
2022 Number of flights,2025-07-12,242662
2022 Number of flights,2025-07-13,235498
2022 Number of flights,2025-07-14,237649
2022 Number of flights,2025-07-15,211698
2022 Number of flights,2025-07-16,202521
2022 Number of flights,2025-07-17,209433
2022 Number of flights,2025-07-18,222392
2022 Number of flights,2025-07-19,226530
2022 Number of flights,2025-07-20,230775
2022 Number of flights,2025-07-21,239208
2022 Number of flights,2025-07-22,210042
2022 Number of flights,2025-07-23,206107
2022 Number of flights,2025-07-24,207917
2022 Number of flights,2025-07-25,218206
2022 Number of flights,2025-07-26,228171
2022 Number of flights,2025-07-27,233015
2022 Number of flights,2025-07-28,232750
2022 Number of flights,2025-07-29,212658
2022 Number of flights,2025-07-30,204311
2022 Number of flights,2025-07-31,209778
2022 Number of flights,2025-08-01,219826
2022 Number of flights,2025-08-02,229126
2022 Number of flights,2025-08-03,228189
2022 Number of flights,2025-08-04,225771
2022 Number of flights,2025-08-05,208576
2022 Number of flights,2025-08-06,203396
2022 Number of flights,2025-08-07,211408
2022 Number of flights,2025-08-08,221663
2022 Number of flights,2025-08-09,230887
2022 Number of flights,2025-08-10,234128
2022 Number of flights,2025-08-11,238892
2022 Number of flights,2025-08-12,218609
2022 Number of flights,2025-08-13,207848
2022 Number of flights,2025-08-14,211464
2022 Number of flights,2025-08-15,219243
2022 Number of flights,2025-08-16,218324
2022 Number of flights,2025-08-17,221732
2022 Number of flights,2025-08-18,222736
2022 Number of flights,2025-08-19,203294
2022 Number of flights,2025-08-20,196886
2022 Number of flights,2025-08-21,200697
2022 Number of flights,2025-08-22,214485
2022 Number of flights,2025-08-23,227614
2022 Number of flights,2025-08-24,226398
2022 Number of flights,2025-08-25,224655
2022 Number of flights,2025-08-26,208395
2022 Number of flights,2025-08-27,203794
2022 Number of flights,2025-08-28,205560
2022 Number of flights,2025-08-29,210620
2022 Number of flights,2025-08-30,226110
2022 Number of flights,2025-08-31,231098
2022 Number of flights,2025-09-01,227102
2022 Number of flights,2025-09-02,192987
2022 Number of flights,2025-09-03,182339
2022 Number of flights,2025-09-04,192885
2022 Number of flights,2025-09-05,200668
2022 Number of flights,2025-09-06,215411
2022 Number of flights,2025-09-07,217959
2022 Number of flights,2025-09-08,217653
2022 Number of flights,2025-09-09,189154
2022 Number of flights,2025-09-10,184632
2022 Number of flights,2025-09-11,199766
2022 Number of flights,2025-09-12,210860
2022 Number of flights,2025-09-13,216046
2022 Number of flights,2025-09-14,225590
2022 Number of flights,2025-09-15,222709
2022 Number of flights,2025-09-16,197488
2022 Number of flights,2025-09-17,190760
2022 Number of flights,2025-09-18,197580
2022 Number of flights,2025-09-19,213956
2022 Number of flights,2025-09-20,220502
2022 Number of flights,2025-09-21,217574
2022 Number of flights,2025-09-22,226579
2022 Number of flights,2025-09-23,201489
2022 Number of flights,2025-09-24,192464
2022 Number of flights,2025-09-25,199870
2022 Number of flights,2025-09-26,203549
2022 Number of flights,2025-09-27,206986
2022 Number of flights,2025-09-28,207949
2022 Number of flights,2025-09-29,216780
2022 Number of flights,2025-09-30,183069
2022 Number of flights,2025-10-01,179542
2022 Number of flights,2025-10-02,201896
2022 Number of flights,2025-10-03,206115
2022 Number of flights,2025-10-04,212246
2022 Number of flights,2025-10-05,225735
2022 Number of flights,2025-10-06,223948
2022 Number of flights,2025-10-07,202411
2022 Number of flights,2025-10-08,198476
2022 Number of flights,2025-10-09,202996
2022 Number of flights,2025-10-10,208313
2022 Number of flights,2025-10-11,204547
2022 Number of flights,2025-10-12,198642
2022 Number of flights,2025-10-13,211542
2022 Number of flights,2025-10-14,189831
2022 Number of flights,2025-10-15,194612
2022 Number of flights,2025-10-16,191440
2022 Number of flights,2025-10-17,203900
2022 Number of flights,2025-10-18,211432
2022 Number of flights,2025-10-19,218100
2022 Number of flights,2025-10-20,215202
2022 Number of flights,2025-10-21,189040
2022 Number of flights,2025-10-22,182078
2022 Number of flights,2025-10-23,185458
2022 Number of flights,2025-10-24,195755
2022 Number of flights,2025-10-25,206552
2022 Number of flights,2025-10-26,221844
2022 Number of flights,2025-10-27,216792
2022 Number of flights,2025-10-28,192854
2022 Number of flights,2025-10-29,184446
2022 Number of flights,2025-10-30,184534
2022 Number of flights,2025-10-31,187623
2022 Number of flights,2025-11-01,198666
2022 Number of flights,2025-11-02,204776
2022 Number of flights,2025-11-03,199390
2022 Number of flights,2025-11-04,170102
2022 Number of flights,2025-11-05,172859
2022 Number of flights,2025-11-06,184907
2022 Number of flights,2025-11-07,185787
2022 Number of flights,2025-11-08,192140
2022 Number of flights,2025-11-09,196329
2022 Number of flights,2025-11-10,184673
2022 Number of flights,2025-11-11,172453
2022 Number of flights,2025-11-12,175221
2022 Number of flights,2025-11-13,186615
2022 Number of flights,2025-11-14,181512
2022 Number of flights,2025-11-15,188525
2022 Number of flights,2025-11-16,199325
2022 Number of flights,2025-11-17,205878
2022 Number of flights,2025-11-18,178298
2022 Number of flights,2025-11-19,166446
2022 Number of flights,2025-11-20,183606
2022 Number of flights,2025-11-21,196109
2022 Number of flights,2025-11-22,194739
2022 Number of flights,2025-11-23,148835
2022 Number of flights,2025-11-24,160436
2022 Number of flights,2025-11-25,164923
2022 Number of flights,2025-11-26,163122
2022 Number of flights,2025-11-27,181989
2022 Number of flights,2025-11-28,179559
2022 Number of flights,2025-11-29,175155
2022 Number of flights,2025-11-30,193090
2022 Number of flights,2025-12-01,189336
2022 Number of flights,2025-12-02,156188
2022 Number of flights,2025-12-03,163639
2022 Number of flights,2025-12-04,176755
2022 Number of flights,2025-12-05,175843
2022 Number of flights,2025-12-06,179491
2022 Number of flights,2025-12-07,194204
2022 Number of flights,2025-12-08,191866
2022 Number of flights,2025-12-09,160498
2022 Number of flights,2025-12-10,148113
2022 Number of flights,2025-12-11,173827
2022 Number of flights,2025-12-12,187200
2022 Number of flights,2025-12-13,183214
2022 Number of flights,2025-12-14,183245
2022 Number of flights,2025-12-15,190096
2022 Number of flights,2025-12-16,170019
2022 Number of flights,2025-12-17,164281
2022 Number of flights,2025-12-18,173980
2022 Number of flights,2025-12-19,180452
2022 Number of flights,2025-12-20,181290
2022 Number of flights,2025-12-21,160034
2022 Number of flights,2025-12-22,145543
2022 Number of flights,2025-12-23,123098
2022 Number of flights,2025-12-24,102872
2022 Number of flights,2025-12-25,151325
2022 Number of flights,2025-12-26,170359
2022 Number of flights,2025-12-27,176269
2022 Number of flights,2025-12-28,172741
2022 Number of flights,2025-12-29,169598
2022 Number of flights,2025-12-30,132716
2021 Number of flights,2024-12-31,93897
2021 Number of flights,2025-01-01,120291
2021 Number of flights,2025-01-02,130037
2021 Number of flights,2025-01-03,137935
2021 Number of flights,2025-01-04,138303
2021 Number of flights,2025-01-05,138576
2021 Number of flights,2025-01-06,141572
2021 Number of flights,2025-01-07,139866
2021 Number of flights,2025-01-08,133933
2021 Number of flights,2025-01-09,132867
2021 Number of flights,2025-01-10,135168
2021 Number of flights,2025-01-11,139964
2021 Number of flights,2025-01-12,151105
2021 Number of flights,2025-01-13,152648
2021 Number of flights,2025-01-14,143574
2021 Number of flights,2025-01-15,126077
2021 Number of flights,2025-01-16,124504
2021 Number of flights,2025-01-17,137202
2021 Number of flights,2025-01-18,138651
2021 Number of flights,2025-01-19,142017
2021 Number of flights,2025-01-20,147337
2021 Number of flights,2025-01-21,148183
2021 Number of flights,2025-01-22,125375
2021 Number of flights,2025-01-23,114449
2021 Number of flights,2025-01-24,121921
2021 Number of flights,2025-01-25,128840
2021 Number of flights,2025-01-26,134364
2021 Number of flights,2025-01-27,139448
2021 Number of flights,2025-01-28,146372
2021 Number of flights,2025-01-29,129361
2021 Number of flights,2025-01-30,118899
2021 Number of flights,2025-01-31,121137
2021 Number of flights,2025-02-01,127998
2021 Number of flights,2025-02-02,145808
2021 Number of flights,2025-02-03,151090
2021 Number of flights,2025-02-04,146221
2021 Number of flights,2025-02-05,123893
2021 Number of flights,2025-02-06,110960
2021 Number of flights,2025-02-07,132614
2021 Number of flights,2025-02-08,129433
2021 Number of flights,2025-02-09,138101
2021 Number of flights,2025-02-10,131937
2021 Number of flights,2025-02-11,129580
2021 Number of flights,2025-02-12,107369
2021 Number of flights,2025-02-13,102833
2021 Number of flights,2025-02-14,108146
2021 Number of flights,2025-02-15,117876
2021 Number of flights,2025-02-16,141512
2021 Number of flights,2025-02-17,131775
2021 Number of flights,2025-02-18,139089
2021 Number of flights,2025-02-19,144724
2021 Number of flights,2025-02-20,143098
2021 Number of flights,2025-02-21,141073
2021 Number of flights,2025-02-22,157214
2021 Number of flights,2025-02-23,166192
2021 Number of flights,2025-02-24,168661
2021 Number of flights,2025-02-25,165237
2021 Number of flights,2025-02-26,135380
2021 Number of flights,2025-02-27,131584
2021 Number of flights,2025-02-28,144526
2021 Number of flights,2025-03-01,157518
2021 Number of flights,2025-03-02,170167
2021 Number of flights,2025-03-03,169762
2021 Number of flights,2025-03-04,173512
2021 Number of flights,2025-03-05,157575
2021 Number of flights,2025-03-06,154561
2021 Number of flights,2025-03-07,161072
2021 Number of flights,2025-03-08,161680
2021 Number of flights,2025-03-09,158729
2021 Number of flights,2025-03-10,157977
2021 Number of flights,2025-03-11,169345
2021 Number of flights,2025-03-12,149074
2021 Number of flights,2025-03-13,135481
2021 Number of flights,2025-03-14,144134
2021 Number of flights,2025-03-15,152777
2021 Number of flights,2025-03-16,155710
2021 Number of flights,2025-03-17,153282
2021 Number of flights,2025-03-18,173031
2021 Number of flights,2025-03-19,167770
2021 Number of flights,2025-03-20,154106
2021 Number of flights,2025-03-21,159927
2021 Number of flights,2025-03-22,162645
2021 Number of flights,2025-03-23,166628
2021 Number of flights,2025-03-24,165585
2021 Number of flights,2025-03-25,175694
2021 Number of flights,2025-03-26,160125
2021 Number of flights,2025-03-27,146815
2021 Number of flights,2025-03-28,166983
2021 Number of flights,2025-03-29,178798
2021 Number of flights,2025-03-30,177350
2021 Number of flights,2025-03-31,181410
2021 Number of flights,2025-04-01,180854
2021 Number of flights,2025-04-02,169504
2021 Number of flights,2025-04-03,149094
2021 Number of flights,2025-04-04,165847
2021 Number of flights,2025-04-05,172394
2021 Number of flights,2025-04-06,177014
2021 Number of flights,2025-04-07,180709
2021 Number of flights,2025-04-08,178215
2021 Number of flights,2025-04-09,153380
2021 Number of flights,2025-04-10,149245
2021 Number of flights,2025-04-11,166506
2021 Number of flights,2025-04-12,179478
2021 Number of flights,2025-04-13,177016
2021 Number of flights,2025-04-14,172740
2021 Number of flights,2025-04-15,180432
2021 Number of flights,2025-04-16,167948
2021 Number of flights,2025-04-17,167844
2021 Number of flights,2025-04-18,165302
2021 Number of flights,2025-04-19,170437
2021 Number of flights,2025-04-20,168365
2021 Number of flights,2025-04-21,180679
2021 Number of flights,2025-04-22,183579
2021 Number of flights,2025-04-23,166015
2021 Number of flights,2025-04-24,160678
2021 Number of flights,2025-04-25,170021
2021 Number of flights,2025-04-26,179068
2021 Number of flights,2025-04-27,176920
2021 Number of flights,2025-04-28,171083
2021 Number of flights,2025-04-29,175078
2021 Number of flights,2025-04-30,159810
2021 Number of flights,2025-05-01,150416
2021 Number of flights,2025-05-02,152421
2021 Number of flights,2025-05-03,153095
2021 Number of flights,2025-05-04,169353
2021 Number of flights,2025-05-05,182929
2021 Number of flights,2025-05-06,184547
2021 Number of flights,2025-05-07,166994
2021 Number of flights,2025-05-08,145072
2021 Number of flights,2025-05-09,156634
2021 Number of flights,2025-05-10,162743
2021 Number of flights,2025-05-11,174834
2021 Number of flights,2025-05-12,184438
2021 Number of flights,2025-05-13,190421
2021 Number of flights,2025-05-14,159570
2021 Number of flights,2025-05-15,149581
2021 Number of flights,2025-05-16,159629
2021 Number of flights,2025-05-17,164180
2021 Number of flights,2025-05-18,173043
2021 Number of flights,2025-05-19,182353
2021 Number of flights,2025-05-20,177004
2021 Number of flights,2025-05-21,158469
2021 Number of flights,2025-05-22,157861
2021 Number of flights,2025-05-23,170768
2021 Number of flights,2025-05-24,173180
2021 Number of flights,2025-05-25,182857
2021 Number of flights,2025-05-26,195212
2021 Number of flights,2025-05-27,189183
2021 Number of flights,2025-05-28,172975
2021 Number of flights,2025-05-29,168483
2021 Number of flights,2025-05-30,176589
2021 Number of flights,2025-05-31,187815
2021 Number of flights,2025-06-01,191584
2021 Number of flights,2025-06-02,185129
2021 Number of flights,2025-06-03,189557
2021 Number of flights,2025-06-04,174578
2021 Number of flights,2025-06-05,164914
2021 Number of flights,2025-06-06,169791
2021 Number of flights,2025-06-07,179493
2021 Number of flights,2025-06-08,191080
2021 Number of flights,2025-06-09,197849
2021 Number of flights,2025-06-10,199281
2021 Number of flights,2025-06-11,188526
2021 Number of flights,2025-06-12,176956
2021 Number of flights,2025-06-13,184338
2021 Number of flights,2025-06-14,196213
2021 Number of flights,2025-06-15,212155
2021 Number of flights,2025-06-16,212713
2021 Number of flights,2025-06-17,205220
2021 Number of flights,2025-06-18,185229
2021 Number of flights,2025-06-19,166954
2021 Number of flights,2025-06-20,172849
2021 Number of flights,2025-06-21,187439
2021 Number of flights,2025-06-22,206593
2021 Number of flights,2025-06-23,202776
2021 Number of flights,2025-06-24,199871
2021 Number of flights,2025-06-25,182506
2021 Number of flights,2025-06-26,176272
2021 Number of flights,2025-06-27,187672
2021 Number of flights,2025-06-28,184606
2021 Number of flights,2025-06-29,190842
2021 Number of flights,2025-06-30,197140
2021 Number of flights,2025-07-01,201098
2021 Number of flights,2025-07-02,186617
2021 Number of flights,2025-07-03,161074
2021 Number of flights,2025-07-04,186289
2021 Number of flights,2025-07-05,185900
2021 Number of flights,2025-07-06,192965
2021 Number of flights,2025-07-07,195658
2021 Number of flights,2025-07-08,203345
2021 Number of flights,2025-07-09,199811
2021 Number of flights,2025-07-10,178482
2021 Number of flights,2025-07-11,183675
2021 Number of flights,2025-07-12,189203
2021 Number of flights,2025-07-13,200326
2021 Number of flights,2025-07-14,213060
2021 Number of flights,2025-07-15,210714
2021 Number of flights,2025-07-16,192326
2021 Number of flights,2025-07-17,192934
2021 Number of flights,2025-07-18,197066
2021 Number of flights,2025-07-19,201534
2021 Number of flights,2025-07-20,204830
2021 Number of flights,2025-07-21,228148
2021 Number of flights,2025-07-22,224866
2021 Number of flights,2025-07-23,194582
2021 Number of flights,2025-07-24,177267
2021 Number of flights,2025-07-25,190610
2021 Number of flights,2025-07-26,200734
2021 Number of flights,2025-07-27,205149
2021 Number of flights,2025-07-28,211471
2021 Number of flights,2025-07-29,210937
2021 Number of flights,2025-07-30,193508
2021 Number of flights,2025-07-31,171745
2021 Number of flights,2025-08-01,193672
2021 Number of flights,2025-08-02,197662
2021 Number of flights,2025-08-03,203342
2021 Number of flights,2025-08-04,203066
2021 Number of flights,2025-08-05,202733
2021 Number of flights,2025-08-06,176000
2021 Number of flights,2025-08-07,171464
2021 Number of flights,2025-08-08,185334
2021 Number of flights,2025-08-09,193777
2021 Number of flights,2025-08-10,205304
2021 Number of flights,2025-08-11,209209
2021 Number of flights,2025-08-12,206789
2021 Number of flights,2025-08-13,193733
2021 Number of flights,2025-08-14,184303
2021 Number of flights,2025-08-15,178550
2021 Number of flights,2025-08-16,178096
2021 Number of flights,2025-08-17,185163
2021 Number of flights,2025-08-18,194967
2021 Number of flights,2025-08-19,204264
2021 Number of flights,2025-08-20,190712
2021 Number of flights,2025-08-21,166812
2021 Number of flights,2025-08-22,183638
2021 Number of flights,2025-08-23,196146
2021 Number of flights,2025-08-24,205153
2021 Number of flights,2025-08-25,199960
2021 Number of flights,2025-08-26,198046
2021 Number of flights,2025-08-27,180837
2021 Number of flights,2025-08-28,169344
2021 Number of flights,2025-08-29,178728
2021 Number of flights,2025-08-30,187106
2021 Number of flights,2025-08-31,191682
2021 Number of flights,2025-09-01,205527
2021 Number of flights,2025-09-02,214456
2021 Number of flights,2025-09-03,197968
2021 Number of flights,2025-09-04,183209
2021 Number of flights,2025-09-05,189465
2021 Number of flights,2025-09-06,194582
2021 Number of flights,2025-09-07,201902
2021 Number of flights,2025-09-08,200803
2021 Number of flights,2025-09-09,212065
2021 Number of flights,2025-09-10,196346
2021 Number of flights,2025-09-11,191561
2021 Number of flights,2025-09-12,187778
2021 Number of flights,2025-09-13,189798
2021 Number of flights,2025-09-14,192059
2021 Number of flights,2025-09-15,196745
2021 Number of flights,2025-09-16,201714
2021 Number of flights,2025-09-17,189531
2021 Number of flights,2025-09-18,182725
2021 Number of flights,2025-09-19,181426
2021 Number of flights,2025-09-20,186013
2021 Number of flights,2025-09-21,192614
2021 Number of flights,2025-09-22,203683
2021 Number of flights,2025-09-23,213051
2021 Number of flights,2025-09-24,200115
2021 Number of flights,2025-09-25,188240
2021 Number of flights,2025-09-26,189203
2021 Number of flights,2025-09-27,191995
2021 Number of flights,2025-09-28,199333
2021 Number of flights,2025-09-29,202142
2021 Number of flights,2025-09-30,206736
2021 Number of flights,2025-10-01,179746
2021 Number of flights,2025-10-02,167786
2021 Number of flights,2025-10-03,177405
2021 Number of flights,2025-10-04,181512
2021 Number of flights,2025-10-05,189058
2021 Number of flights,2025-10-06,198249
2021 Number of flights,2025-10-07,201562
2021 Number of flights,2025-10-08,187490
2021 Number of flights,2025-10-09,180304
2021 Number of flights,2025-10-10,181367
2021 Number of flights,2025-10-11,181111
2021 Number of flights,2025-10-12,191916
2021 Number of flights,2025-10-13,202454
2021 Number of flights,2025-10-14,207998
2021 Number of flights,2025-10-15,188496
2021 Number of flights,2025-10-16,187608
2021 Number of flights,2025-10-17,192376
2021 Number of flights,2025-10-18,198885
2021 Number of flights,2025-10-19,202587
2021 Number of flights,2025-10-20,198769
2021 Number of flights,2025-10-21,203026
2021 Number of flights,2025-10-22,187268
2021 Number of flights,2025-10-23,180356
2021 Number of flights,2025-10-24,174705
2021 Number of flights,2025-10-25,182511
2021 Number of flights,2025-10-26,192384
2021 Number of flights,2025-10-27,190271
2021 Number of flights,2025-10-28,187891
2021 Number of flights,2025-10-29,168544
2021 Number of flights,2025-10-30,167884
2021 Number of flights,2025-10-31,181244
2021 Number of flights,2025-11-01,184594
2021 Number of flights,2025-11-02,190691
2021 Number of flights,2025-11-03,191750
2021 Number of flights,2025-11-04,199895
2021 Number of flights,2025-11-05,175254
2021 Number of flights,2025-11-06,172931
2021 Number of flights,2025-11-07,189867
2021 Number of flights,2025-11-08,195032
2021 Number of flights,2025-11-09,191570
2021 Number of flights,2025-11-10,181627
2021 Number of flights,2025-11-11,178163
2021 Number of flights,2025-11-12,160968
2021 Number of flights,2025-11-13,162015
2021 Number of flights,2025-11-14,177433
2021 Number of flights,2025-11-15,185253
2021 Number of flights,2025-11-16,191023
2021 Number of flights,2025-11-17,188759
2021 Number of flights,2025-11-18,195824
2021 Number of flights,2025-11-19,179349
2021 Number of flights,2025-11-20,161891
2021 Number of flights,2025-11-21,179359
2021 Number of flights,2025-11-22,195774
2021 Number of flights,2025-11-23,191905
2021 Number of flights,2025-11-24,145133
2021 Number of flights,2025-11-25,157889
2021 Number of flights,2025-11-26,157361
2021 Number of flights,2025-11-27,173486
2021 Number of flights,2025-11-28,187450
2021 Number of flights,2025-11-29,188234
2021 Number of flights,2025-11-30,190620
2021 Number of flights,2025-12-01,194370
2021 Number of flights,2025-12-02,195817
2021 Number of flights,2025-12-03,167276
2021 Number of flights,2025-12-04,158307
2021 Number of flights,2025-12-05,158922
2021 Number of flights,2025-12-06,177255
2021 Number of flights,2025-12-07,178912
2021 Number of flights,2025-12-08,185353
2021 Number of flights,2025-12-09,181222
2021 Number of flights,2025-12-10,148890
2021 Number of flights,2025-12-11,165742
2021 Number of flights,2025-12-12,184119
2021 Number of flights,2025-12-13,179521
2021 Number of flights,2025-12-14,177308
2021 Number of flights,2025-12-15,185062
2021 Number of flights,2025-12-16,192674
2021 Number of flights,2025-12-17,155572
2021 Number of flights,2025-12-18,158172
2021 Number of flights,2025-12-19,183377
2021 Number of flights,2025-12-20,183361
2021 Number of flights,2025-12-21,187959
2021 Number of flights,2025-12-22,179535
2021 Number of flights,2025-12-23,136927
2021 Number of flights,2025-12-24,101855
2021 Number of flights,2025-12-25,144223
2021 Number of flights,2025-12-26,153431
2021 Number of flights,2025-12-27,152950
2021 Number of flights,2025-12-28,151841
2021 Number of flights,2025-12-29,151570
2021 Number of flights,2025-12-30,139359
